TotalIncomingRequests,EOFErrors,ECONNREFUSEDErrors,TrueECONNRESETErrors,TotalOutgoingRequests,OutgoingNetworkErrors,Hostname,SuccessfulOutgoingRequests,FailedOutgoingRequests,OutgoingUnknownErrors,OutgoingHTTPErrors,ForceClosedErrors,ECONNABORTEDErrors,StartTime
274473,5,49,11,290215,65,go-server-deployment-69549d5865-2sqtp,289650,65,0,0,0,0,2019-10-19 02:09:33.189601227 +0000 UTC m=+61.002250346
159312,9,0,3,158265,12,go-server-deployment-69549d5865-mhbvt,157754,12,0,0,0,0,2019-10-19 02:10:06.355165212 +0000 UTC m=+61.038431194
3518,0,0,0,0,0,go-server-deployment-69549d5865-b267j,0,0,0,0,0,0,2019-10-19 02:09:56.203123376 +0000 UTC m=+61.011419740
188526,28,2,6,302028,37,go-server-deployment-69549d5865-r9pbz,301491,37,0,0,0,0,2019-10-19 02:09:33.96344333 +0000 UTC m=+61.004791327
209512,44,3,5,196084,52,go-server-deployment-69549d5865-vsszv,195530,52,0,0,0,0,2019-10-19 02:09:34.662613982 +0000 UTC m=+61.026143518
272431,0,0,3,292393,3,go-server-deployment-69549d5865-vclt8,291890,3,0,0,0,0,2019-10-19 02:09:32.789134957 +0000 UTC m=+61.002072321
16014,0,0,0,10312,0,go-server-deployment-69549d5865-6gm4c,9314,0,0,0,0,0,2019-10-19 02:09:33.609042097 +0000 UTC m=+61.008228304
187727,19,0,10,287999,29,go-server-deployment-69549d5865-47qhh,287471,29,0,0,0,0,2019-10-19 02:09:34.043770374 +0000 UTC m=+61.003308592
85184,63,73,14,212085,150,go-server-deployment-69549d5865-wcbjl,211344,150,0,0,0,0,2019-10-19 02:10:06.779093411 +0000 UTC m=+61.006212000
62812,0,0,7,200596,7,go-server-deployment-69549d5865-x7pqv,200089,7,0,0,0,0,2019-10-19 02:10:23.096279552 +0000 UTC m=+61.004912971
1689,0,0,0,0,0,go-server-deployment-69549d5865-sqbg4,0,0,0,0,0,0,2019-10-19 02:09:49.336084902 +0000 UTC m=+61.003804361
289323,18,7,11,285446,36,go-server-deployment-69549d5865-pt6ss,284904,36,0,0,0,0,2019-10-19 02:09:42.338353928 +0000 UTC m=+61.002735071
2490,0,0,0,14,0,go-server-deployment-69549d5865-gpcm5,0,0,0,0,0,0,2019-10-19 02:10:05.05848707 +0000 UTC m=+61.009747150
160231,0,6,5,266407,11,go-server-deployment-69549d5865-6pccw,265896,11,0,0,0,0,2019-10-19 02:10:03.172629189 +0000 UTC m=+61.003795009
210435,88,5,11,211283,104,go-server-deployment-69549d5865-lxrpv,210679,104,0,0,0,0,2019-10-19 02:09:35.659175577 +0000 UTC m=+61.006043776
170763,0,8,4,296999,12,go-server-deployment-69549d5865-l7vqb,296487,12,0,0,0,0,2019-10-19 02:09:35.214479983 +0000 UTC m=+61.006137850
209524,62,2,13,190830,77,go-server-deployment-69549d5865-k2ctc,190224,77,0,0,0,0,2019-10-19 02:09:39.752126611 +0000 UTC m=+61.003868703
2070,0,0,0,0,0,go-server-deployment-69549d5865-6bss9,0,0,0,0,0,0,2019-10-19 02:10:04.301798219 +0000 UTC m=+61.003866105
2299,0,0,0,0,0,go-server-deployment-69549d5865-wc67x,0,0,0,0,0,0,2019-10-19 02:10:07.35561361 +0000 UTC m=+61.004366312
201628,71,10,8,200016,89,go-server-deployment-69549d5865-rq5f5,199340,89,0,0,0,0,2019-10-19 02:10:05.799499945 +0000 UTC m=+61.003260952
268078,29,3,11,300326,43,go-server-deployment-69549d5865-4vkn8,299781,43,0,0,0,0,2019-10-19 02:09:41.431923443 +0000 UTC m=+61.010054681
1470,0,0,0,0,0,go-server-deployment-69549d5865-fkvsg,0,0,0,0,0,0,2019-10-19 02:09:45.461264825 +0000 UTC m=+61.003372727
183658,25,0,1,168220,26,go-server-deployment-69549d5865-bmblp,167609,26,0,0,0,0,2019-10-19 02:14:47.485169075 +0000 UTC m=+61.010098454
120023,11,0,6,114362,17,go-server-deployment-69549d5865-vbn27,113807,17,0,0,0,0,2019-10-19 02:09:34.072364152 +0000 UTC m=+61.022706026
208846,58,3,12,192602,73,go-server-deployment-69549d5865-hfc2t,191768,73,0,0,0,0,2019-10-19 02:09:47.623375659 +0000 UTC m=+61.007269684
1335,0,0,0,479,0,go-server-deployment-69549d5865-ls6ml,0,0,0,0,0,0,2019-10-19 02:09:48.404215964 +0000 UTC m=+61.025659427
2538,0,0,0,331,0,go-server-deployment-69549d5865-qxshn,0,0,0,0,0,0,2019-10-19 02:09:50.075482367 +0000 UTC m=+61.005005013
1649,0,0,0,1,0,go-server-deployment-69549d5865-8dhq9,0,0,0,0,0,0,2019-10-19 02:10:05.169580128 +0000 UTC m=+61.005115118
4516,0,0,0,0,0,go-server-deployment-69549d5865-pn4xz,0,0,0,0,0,0,2019-10-19 02:09:56.645709504 +0000 UTC m=+61.007484062
2027,0,0,0,151,0,go-server-deployment-69549d5865-m82hb,0,0,0,0,0,0,2019-10-19 02:10:03.512030149 +0000 UTC m=+61.008050841
1510,0,0,0,124,0,go-server-deployment-69549d5865-fxwg5,0,0,0,0,0,0,2019-10-19 02:09:49.220385069 +0000 UTC m=+61.003040873
201308,0,1,5,302090,6,go-server-deployment-69549d5865-5x4hd,301584,6,0,0,0,0,2019-10-19 02:09:34.997213578 +0000 UTC m=+61.004451561
76485,0,6,4,210125,10,go-server-deployment-69549d5865-v4c75,209615,10,0,0,0,0,2019-10-19 02:10:21.955479631 +0000 UTC m=+61.014146288
99463,48,2,8,194502,58,go-server-deployment-69549d5865-pkdkt,193445,58,0,0,0,0,2019-10-19 02:09:47.524952404 +0000 UTC m=+61.006506626
87847,0,15,5,224786,20,go-server-deployment-69549d5865-2c2jk,224266,20,0,0,0,0,2019-10-19 02:10:22.343566242 +0000 UTC m=+61.003679676
210553,75,62,16,340962,153,go-server-deployment-69549d5865-qwb5n,340309,153,0,0,0,0,2019-10-19 02:09:32.911523222 +0000 UTC m=+61.009548474
2259,0,0,0,0,0,go-server-deployment-69549d5865-lnncq,0,0,0,0,0,0,2019-10-19 02:10:04.957559396 +0000 UTC m=+61.006614100
2069,0,0,0,1,0,go-server-deployment-69549d5865-zlsjf,0,0,0,0,0,0,2019-10-19 02:09:49.628591526 +0000 UTC m=+61.008558838
4285,0,0,0,53,0,go-server-deployment-69549d5865-vdf2l,0,0,0,0,0,0,2019-10-19 02:10:02.480013807 +0000 UTC m=+61.013369634
291359,15,60,2,302560,77,go-server-deployment-69549d5865-z5wml,301534,77,0,0,0,0,2019-10-19 02:09:34.193323972 +0000 UTC m=+61.003015358
202453,0,2,8,313608,10,go-server-deployment-69549d5865-ctd75,313098,10,0,0,0,0,2019-10-19 02:09:34.385437134 +0000 UTC m=+61.008975512
195468,0,0,4,177255,4,go-server-deployment-69549d5865-8m2zn,176751,4,0,0,0,0,2019-10-19 02:09:38.732420148 +0000 UTC m=+61.006040955
78546,42,104,15,224051,161,go-server-deployment-69549d5865-9jnn8,223186,161,0,0,0,0,2019-10-19 02:09:46.1546415 +0000 UTC m=+61.004097864
2029,0,0,0,0,0,go-server-deployment-69549d5865-fddpv,0,0,0,0,0,0,2019-10-19 02:10:05.655858124 +0000 UTC m=+61.010948641
1922,0,0,0,0,0,go-server-deployment-69549d5865-lpwvg,0,0,0,0,0,0,2019-10-19 02:09:47.914087334 +0000 UTC m=+61.005110037
3719,0,0,0,0,0,go-server-deployment-69549d5865-vqxdj,0,0,0,0,0,0,2019-10-19 02:09:56.372170748 +0000 UTC m=+61.005685097
280148,0,3,9,320979,12,go-server-deployment-69549d5865-m8qld,320453,12,0,0,0,0,2019-10-19 02:10:22.34336876 +0000 UTC m=+61.004669283
2432,0,0,0,1,0,go-server-deployment-69549d5865-22c8t,0,0,0,0,0,0,2019-10-19 02:10:05.70747081 +0000 UTC m=+61.005597611
1856,0,0,0,27,0,go-server-deployment-69549d5865-gqhtt,0,0,0,0,0,0,2019-10-19 02:09:48.381879815 +0000 UTC m=+61.005396315
1678,0,0,0,6,0,go-server-deployment-69549d5865-xmg9h,0,0,0,0,0,0,2019-10-19 02:09:48.273650698 +0000 UTC m=+61.008737551
285698,29,1,5,329199,35,go-server-deployment-69549d5865-6wth8,328166,35,0,0,0,0,2019-10-19 02:09:33.801129225 +0000 UTC m=+61.003003402
74522,0,2,10,205991,12,go-server-deployment-69549d5865-g5llf,205479,12,0,0,0,0,2019-10-19 02:10:19.792917491 +0000 UTC m=+61.003725795
248720,1,2,2,287023,5,go-server-deployment-69549d5865-262kx,286518,5,0,0,0,0,2019-10-19 02:09:38.902962448 +0000 UTC m=+61.010233816
194683,0,2,6,174241,8,go-server-deployment-69549d5865-qvwqj,173734,8,0,0,0,0,2019-10-19 02:09:33.570513477 +0000 UTC m=+61.011968007
257089,37,50,7,283594,94,go-server-deployment-69549d5865-2v67f,283000,94,0,0,0,0,2019-10-19 02:09:32.952104814 +0000 UTC m=+61.003182794
2843,0,0,0,0,0,go-server-deployment-69549d5865-9spn8,0,0,0,0,0,0,2019-10-19 02:10:03.30993514 +0000 UTC m=+61.062300358
1582,0,0,0,49,0,go-server-deployment-69549d5865-8sb8x,0,0,0,0,0,0,2019-10-19 02:09:45.488976836 +0000 UTC m=+61.006246259
243777,95,62,13,225189,170,go-server-deployment-69549d5865-6wxkp,224510,170,0,0,0,0,2019-10-19 02:09:37.004471311 +0000 UTC m=+61.004193629
304402,44,122,22,327389,188,go-server-deployment-69549d5865-dmkxb,326202,188,0,0,0,0,2019-10-19 02:09:37.309307921 +0000 UTC m=+61.003332975
304239,19,17,6,326374,42,go-server-deployment-69549d5865-w67mt,325579,42,0,0,0,0,2019-10-19 02:09:33.113633584 +0000 UTC m=+61.002553341
3772,0,0,0,23,0,go-server-deployment-69549d5865-srk2t,0,0,0,0,0,0,2019-10-19 02:09:53.581241041 +0000 UTC m=+61.006147895
1938,0,0,0,2,0,go-server-deployment-69549d5865-tztxn,0,0,0,0,0,0,2019-10-19 02:10:04.934925345 +0000 UTC m=+61.005795436
2066,0,0,0,1,0,go-server-deployment-69549d5865-vr9c2,0,0,0,0,0,0,2019-10-19 02:10:04.694926445 +0000 UTC m=+61.003907927
177603,0,2,6,286430,8,go-server-deployment-69549d5865-588ng,285922,8,0,0,0,0,2019-10-19 02:10:06.049867252 +0000 UTC m=+61.003407118
199913,22,8,4,311828,34,go-server-deployment-69549d5865-kk5dt,311290,34,0,0,0,0,2019-10-19 02:09:35.262330914 +0000 UTC m=+61.012080124
283172,0,7,3,317006,10,go-server-deployment-69549d5865-z26df,316496,10,0,0,0,0,2019-10-19 02:09:35.59539045 +0000 UTC m=+61.002477168
3264,0,0,0,0,0,go-server-deployment-69549d5865-wpfgv,0,0,0,0,0,0,2019-10-19 02:09:58.302006388 +0000 UTC m=+61.004355454
297192,5,1,4,316484,10,go-server-deployment-69549d5865-zwwkb,315974,10,0,0,0,0,2019-10-19 02:10:24.039473169 +0000 UTC m=+61.003637301
2524,0,0,0,0,0,go-server-deployment-69549d5865-fs9qc,0,0,0,0,0,0,2019-10-19 02:10:04.624590958 +0000 UTC m=+61.004984437
286909,57,187,12,353759,256,go-server-deployment-69549d5865-ll64v,352893,256,0,0,0,0,2019-10-19 02:09:36.125936188 +0000 UTC m=+61.004207911
2861,0,0,0,14,0,go-server-deployment-69549d5865-vbdxf,0,0,0,0,0,0,2019-10-19 02:09:50.172570013 +0000 UTC m=+61.009740432
2866,0,0,0,0,0,go-server-deployment-69549d5865-5knwm,0,0,0,0,0,0,2019-10-19 02:09:49.639695471 +0000 UTC m=+61.019377722
3466,0,0,0,9,0,go-server-deployment-69549d5865-hdhvq,0,0,0,0,0,0,2019-10-19 02:09:54.179816305 +0000 UTC m=+61.012192985
1768,0,0,0,2,0,go-server-deployment-69549d5865-7bxnj,0,0,0,0,0,0,2019-10-19 02:09:49.140615963 +0000 UTC m=+61.007120652
213508,0,2,8,183516,10,go-server-deployment-69549d5865-rh89h,183006,10,0,0,0,0,2019-10-19 02:09:47.533440845 +0000 UTC m=+61.018884270
283561,0,0,3,318846,3,go-server-deployment-69549d5865-7gl9b,318343,3,0,0,0,0,2019-10-19 02:09:39.159310276 +0000 UTC m=+61.005012303
4154,0,0,0,242,0,go-server-deployment-69549d5865-kz5pd,0,0,0,0,0,0,2019-10-19 02:09:56.081182057 +0000 UTC m=+61.003178811
127735,0,3,1,244748,4,go-server-deployment-69549d5865-jlqxg,244244,4,0,0,0,0,2019-10-19 02:09:34.627189089 +0000 UTC m=+61.009045907
202656,7,0,10,298429,17,go-server-deployment-69549d5865-xws49,297912,17,0,0,0,0,2019-10-19 02:09:34.378460875 +0000 UTC m=+61.007170201
3133,0,0,0,1,0,go-server-deployment-69549d5865-h5wmr,0,0,0,0,0,0,2019-10-19 02:09:52.618945861 +0000 UTC m=+61.016808339
189808,0,20,2,310302,22,go-server-deployment-69549d5865-6mrqc,309780,22,0,0,0,0,2019-10-19 02:09:35.034855663 +0000 UTC m=+61.006538281
1676,0,0,0,0,0,go-server-deployment-69549d5865-pk245,0,0,0,0,0,0,2019-10-19 02:09:47.051126402 +0000 UTC m=+61.006077228
1840,0,0,0,1,0,go-server-deployment-69549d5865-s5pr2,0,0,0,0,0,0,2019-10-19 02:10:06.259963186 +0000 UTC m=+61.002311003
260279,13,6,6,264746,25,go-server-deployment-69549d5865-7v52p,264192,25,0,0,0,0,2019-10-19 02:09:33.264029301 +0000 UTC m=+61.006930599
189363,0,0,4,173327,4,go-server-deployment-69549d5865-4ztmm,172786,4,0,0,0,0,2019-10-19 02:09:34.743928211 +0000 UTC m=+61.004329336
907,0,0,0,1,0,go-server-deployment-69549d5865-lp7rm,0,0,0,0,0,0,2019-10-19 02:09:54.473098206 +0000 UTC m=+61.008674953
2495,0,0,0,1,0,go-server-deployment-69549d5865-hvl7z,0,0,0,0,0,0,2019-10-19 02:10:05.491468283 +0000 UTC m=+61.005816569
64219,0,5,8,212737,13,go-server-deployment-69549d5865-xnzdf,212224,13,0,0,0,0,2019-10-19 02:09:46.607085386 +0000 UTC m=+61.005723385
3248,0,0,0,1,0,go-server-deployment-69549d5865-n462k,0,0,0,0,0,0,2019-10-19 02:10:06.413140309 +0000 UTC m=+61.014972883
1574,0,0,0,25,0,go-server-deployment-69549d5865-2nxm5,0,0,0,0,0,0,2019-10-19 02:09:48.869540968 +0000 UTC m=+61.009331799
280000,0,2,4,317231,6,go-server-deployment-69549d5865-sbsvz,316725,6,0,0,0,0,2019-10-19 02:10:23.5915516 +0000 UTC m=+61.003436458
1424,0,0,0,0,0,go-server-deployment-69549d5865-sj7ks,0,0,0,0,0,0,2019-10-19 02:09:47.392985279 +0000 UTC m=+61.006784959
145467,59,1,9,131119,69,go-server-deployment-69549d5865-qznnj,130051,69,0,0,0,0,2019-10-19 02:09:33.06236491 +0000 UTC m=+61.046119524
77660,22,0,9,218251,31,go-server-deployment-69549d5865-vzd4j,217720,31,0,0,0,0,2019-10-19 02:10:20.831772782 +0000 UTC m=+61.004384188
3612,0,0,0,0,0,go-server-deployment-69549d5865-42mvt,0,0,0,0,0,0,2019-10-19 02:09:53.928441139 +0000 UTC m=+61.013749274
267582,77,59,18,239866,154,go-server-deployment-69549d5865-jmmdj,238951,154,0,0,0,0,2019-10-19 02:09:40.81072874 +0000 UTC m=+61.015906971
231917,0,9,8,265657,17,go-server-deployment-69549d5865-zk7n9,265056,17,0,0,0,0,2019-10-19 02:09:37.173594769 +0000 UTC m=+61.003448636
3370,0,0,0,1,0,go-server-deployment-69549d5865-jgx9t,0,0,0,0,0,0,2019-10-19 02:10:04.627907291 +0000 UTC m=+61.012528662
201962,34,1,5,195231,40,go-server-deployment-69549d5865-9qwzx,194580,40,0,0,0,0,2019-10-19 02:09:41.706829361 +0000 UTC m=+61.003027441
3178,0,0,0,30,0,go-server-deployment-69549d5865-2cdsr,0,0,0,0,0,0,2019-10-19 02:09:56.138350392 +0000 UTC m=+61.004642238
97355,0,0,1,65356,1,go-server-deployment-69549d5865-xdmq2,64356,1,0,0,0,0,2019-10-19 02:09:33.716628888 +0000 UTC m=+61.004057901
253240,0,28,4,250678,32,go-server-deployment-69549d5865-hf9xh,250146,32,0,0,0,0,2019-10-19 02:09:39.166871168 +0000 UTC m=+61.006003908
88991,0,3,2,205444,5,go-server-deployment-69549d5865-6hbzg,204939,5,0,0,0,0,2019-10-19 02:10:22.66464013 +0000 UTC m=+61.002846344
191377,0,31,5,327100,36,go-server-deployment-69549d5865-7nvnq,326564,36,0,0,0,0,2019-10-19 02:09:34.305619708 +0000 UTC m=+61.028013310
270158,9,0,6,286344,15,go-server-deployment-69549d5865-qddt8,285832,15,0,0,0,0,2019-10-19 02:10:24.593115747 +0000 UTC m=+61.002463471
2410,0,0,0,222,0,go-server-deployment-69549d5865-wpsgq,0,0,0,0,0,0,2019-10-19 02:09:49.215489848 +0000 UTC m=+61.006220965
131359,0,0,5,116120,5,go-server-deployment-69549d5865-rdbdz,115615,5,0,0,0,0,2019-10-19 02:09:36.046464771 +0000 UTC m=+61.004824090
249427,19,56,16,262477,91,go-server-deployment-69549d5865-x87l4,261607,91,0,0,0,0,2019-10-19 02:12:40.984911117 +0000 UTC m=+61.009949222
181827,0,0,6,183800,6,go-server-deployment-69549d5865-vhgmg,183182,6,0,0,0,0,2019-10-19 02:09:33.151340698 +0000 UTC m=+61.009187050
1905,0,0,0,3,0,go-server-deployment-69549d5865-nkxdg,0,0,0,0,0,0,2019-10-19 02:09:49.5971126 +0000 UTC m=+61.024195464
192009,0,4,5,301547,9,go-server-deployment-69549d5865-qsgkx,301038,9,0,0,0,0,2019-10-19 02:09:32.805222775 +0000 UTC m=+61.011253954
55967,0,0,0,32123,0,go-server-deployment-69549d5865-rk2fp,31125,0,0,0,0,0,2019-10-19 02:09:35.032765298 +0000 UTC m=+61.003633708
287449,38,41,10,329612,89,go-server-deployment-69549d5865-l4dnh,328671,89,0,0,0,0,2019-10-19 02:09:34.002168882 +0000 UTC m=+61.003220244
160011,38,23,5,296281,66,go-server-deployment-69549d5865-rj8xh,295715,66,0,0,0,0,2019-10-19 02:09:34.412006868 +0000 UTC m=+61.014868080
197459,29,2,7,194523,38,go-server-deployment-69549d5865-jcwxg,193919,38,0,0,0,0,2019-10-19 02:09:34.658855832 +0000 UTC m=+61.005677386
182710,58,0,7,174327,65,go-server-deployment-69549d5865-78zdk,173263,65,0,0,0,0,2019-10-19 02:09:33.493470394 +0000 UTC m=+61.007434419
2248,0,0,0,419,0,go-server-deployment-69549d5865-74rdk,0,0,0,0,0,0,2019-10-19 02:09:50.571469005 +0000 UTC m=+61.003886290
171784,0,0,2,155070,2,go-server-deployment-69549d5865-txz5n,154569,2,0,0,0,0,2019-10-19 02:10:06.789332733 +0000 UTC m=+61.009060519
1491,0,0,0,0,0,go-server-deployment-69549d5865-wq5kz,0,0,0,0,0,0,2019-10-19 02:10:02.927007202 +0000 UTC m=+61.004102919
1760,0,0,0,1,0,go-server-deployment-69549d5865-wgtqx,0,0,0,0,0,0,2019-10-19 02:09:44.963925146 +0000 UTC m=+61.005160975
85400,0,0,5,195133,5,go-server-deployment-69549d5865-lzqtn,194628,5,0,0,0,0,2019-10-19 02:10:21.355585053 +0000 UTC m=+61.005959963
196475,3,1,5,282625,9,go-server-deployment-69549d5865-h5qg7,282116,9,0,0,0,0,2019-10-19 02:09:34.118366533 +0000 UTC m=+61.003082771
277289,1,1,5,318987,7,go-server-deployment-69549d5865-x66g6,318480,7,0,0,0,0,2019-10-19 02:09:36.649347646 +0000 UTC m=+61.003545358
1486,0,0,0,25,0,go-server-deployment-69549d5865-zmdk9,0,0,0,0,0,0,2019-10-19 02:09:46.532897365 +0000 UTC m=+61.003232583
76332,42,3,9,213012,54,go-server-deployment-69549d5865-mgchn,212458,54,0,0,0,0,2019-10-19 02:10:19.558932474 +0000 UTC m=+61.004452179
224902,0,15,6,257362,21,go-server-deployment-69549d5865-vlfx6,256841,21,0,0,0,0,2019-10-19 02:09:35.641957297 +0000 UTC m=+61.005407390
172541,12,0,3,285004,15,go-server-deployment-69549d5865-k7wjz,284448,15,0,0,0,0,2019-10-19 02:09:55.939605321 +0000 UTC m=+61.003448646
1885,0,0,0,1,0,go-server-deployment-69549d5865-k5bfh,0,0,0,0,0,0,2019-10-19 02:09:49.319888687 +0000 UTC m=+61.002565271
65307,0,1,11,199695,12,go-server-deployment-69549d5865-k6ms7,199183,12,0,0,0,0,2019-10-19 02:10:21.809783017 +0000 UTC m=+61.007752680
246002,34,11,9,291696,54,go-server-deployment-69549d5865-jdj9k,291142,54,0,0,0,0,2019-10-19 02:10:23.827329713 +0000 UTC m=+61.005171089
255677,1,2,4,284236,7,go-server-deployment-69549d5865-mwchp,283729,7,0,0,0,0,2019-10-19 02:10:23.890199723 +0000 UTC m=+61.003383909
1513,0,0,0,27,0,go-server-deployment-69549d5865-xgqp4,0,0,0,0,0,0,2019-10-19 02:10:05.332274742 +0000 UTC m=+61.004730730
248331,9,0,4,274694,13,go-server-deployment-69549d5865-vdrlw,273681,13,0,0,0,0,2019-10-19 02:10:24.938169537 +0000 UTC m=+61.011237742
209937,24,3,1,311751,28,go-server-deployment-69549d5865-sn6mb,311219,28,0,0,0,0,2019-10-19 02:09:32.928220051 +0000 UTC m=+61.004472281
2434,0,0,0,0,0,go-server-deployment-69549d5865-h96gq,0,0,0,0,0,0,2019-10-19 02:09:47.699100927 +0000 UTC m=+61.005215868
3312,0,0,0,12,0,go-server-deployment-69549d5865-9tmp2,0,0,0,0,0,0,2019-10-19 02:10:04.390232213 +0000 UTC m=+61.008981094
158401,0,0,3,142830,3,go-server-deployment-69549d5865-9mnf2,142188,3,0,0,0,0,2019-10-19 02:09:46.654914664 +0000 UTC m=+61.007448554
1953,0,0,0,0,0,go-server-deployment-69549d5865-7sr4n,0,0,0,0,0,0,2019-10-19 02:10:20.29188089 +0000 UTC m=+61.002594215
1599,0,0,0,14,0,go-server-deployment-69549d5865-kkpns,0,0,0,0,0,0,2019-10-19 02:09:48.279463389 +0000 UTC m=+61.002900691
160440,8,37,8,293054,53,go-server-deployment-69549d5865-pzshm,292501,53,0,0,0,0,2019-10-19 02:10:05.298202711 +0000 UTC m=+61.008085108
220344,37,27,11,202967,75,go-server-deployment-69549d5865-sxmtm,201901,75,0,0,0,0,2019-10-19 02:09:35.646282099 +0000 UTC m=+61.012266163
1919,0,0,0,0,0,go-server-deployment-69549d5865-hs98x,0,0,0,0,0,0,2019-10-19 02:10:03.054929997 +0000 UTC m=+61.003962116
1734,0,0,0,6,0,go-server-deployment-69549d5865-7j8bb,0,0,0,0,0,0,2019-10-19 02:10:02.854361904 +0000 UTC m=+61.002522427
1955,0,0,0,1,0,go-server-deployment-69549d5865-tlz7p,0,0,0,0,0,0,2019-10-19 02:09:48.735971678 +0000 UTC m=+61.003421497
141218,25,0,3,126545,28,go-server-deployment-69549d5865-k487t,125945,28,0,0,0,0,2019-10-19 02:09:32.978845391 +0000 UTC m=+61.034405581
2214,0,0,0,0,0,go-server-deployment-69549d5865-qzjjx,0,0,0,0,0,0,2019-10-19 02:10:06.709046411 +0000 UTC m=+61.014822129
267008,0,0,1,311797,1,go-server-deployment-69549d5865-sg8v9,311296,1,0,0,0,0,2019-10-19 02:09:38.870970734 +0000 UTC m=+61.004452816
1717,0,0,0,1,0,go-server-deployment-69549d5865-cq6ch,0,0,0,0,0,0,2019-10-19 02:09:55.588884182 +0000 UTC m=+61.004276845
268567,2,9,3,281908,14,go-server-deployment-69549d5865-mwpmk,281394,14,0,0,0,0,2019-10-19 02:09:37.983115019 +0000 UTC m=+61.008673612
1666,0,0,0,44,0,go-server-deployment-69549d5865-754jv,0,0,0,0,0,0,2019-10-19 02:09:45.129989094 +0000 UTC m=+61.009520550
4278,0,0,0,1,0,go-server-deployment-69549d5865-llxmt,0,0,0,0,0,0,2019-10-19 02:09:55.687631402 +0000 UTC m=+61.003705893
93667,55,25,20,219533,100,go-server-deployment-69549d5865-tkpfv,218897,100,0,0,0,0,2019-10-19 02:10:21.550958969 +0000 UTC m=+61.002593589
2730,0,0,0,27,0,go-server-deployment-69549d5865-v8mrs,0,0,0,0,0,0,2019-10-19 02:09:53.891187187 +0000 UTC m=+61.002620106
227317,0,0,8,253167,8,go-server-deployment-69549d5865-frf9h,252659,8,0,0,0,0,2019-10-19 02:10:23.613567575 +0000 UTC m=+61.021231273
127715,0,0,0,162663,0,go-server-deployment-69549d5865-hd8zv,162163,0,0,0,0,0,2019-10-19 02:14:40.134846017 +0000 UTC m=+61.029309427
216347,83,21,9,216392,113,go-server-deployment-69549d5865-ghv27,215779,113,0,0,0,0,2019-10-19 02:10:06.103327516 +0000 UTC m=+61.007625244
1612,0,0,0,0,0,go-server-deployment-69549d5865-sc9qk,0,0,0,0,0,0,2019-10-19 02:10:04.017625448 +0000 UTC m=+61.003948215
87843,21,1,2,193210,24,go-server-deployment-69549d5865-zdg9b,192608,24,0,0,0,0,2019-10-19 02:12:42.505844427 +0000 UTC m=+61.106453747
230344,51,17,8,230868,76,go-server-deployment-69549d5865-9n5gf,230026,76,0,0,0,0,2019-10-19 02:12:44.169608037 +0000 UTC m=+61.098847765
253778,0,1,1,280224,2,go-server-deployment-69549d5865-d8cm8,279723,2,0,0,0,0,2019-10-19 02:09:36.397893565 +0000 UTC m=+61.003273249
171401,0,0,4,158208,4,go-server-deployment-69549d5865-nhvxl,157704,4,0,0,0,0,2019-10-19 02:09:33.413425367 +0000 UTC m=+61.007825349
206646,0,0,7,176523,7,go-server-deployment-69549d5865-j59lw,176016,7,0,0,0,0,2019-10-19 02:09:40.39910649 +0000 UTC m=+61.002933491
161157,0,2,4,144299,6,go-server-deployment-69549d5865-hxxvz,143609,6,0,0,0,0,2019-10-19 02:09:41.903173821 +0000 UTC m=+61.007225975
2191,0,0,0,55,0,go-server-deployment-69549d5865-lmwqq,0,0,0,0,0,0,2019-10-19 02:10:05.837447658 +0000 UTC m=+61.005631222
165602,0,0,8,150131,8,go-server-deployment-69549d5865-7qp9n,149623,8,0,0,0,0,2019-10-19 02:10:04.008828632 +0000 UTC m=+61.021400340
2203,0,0,0,0,0,go-server-deployment-69549d5865-qsh2s,0,0,0,0,0,0,2019-10-19 02:09:49.355985864 +0000 UTC m=+61.003369657
1494,0,0,0,1,0,go-server-deployment-69549d5865-lqpsf,0,0,0,0,0,0,2019-10-19 02:09:48.973452583 +0000 UTC m=+61.028958330
1453,0,0,0,0,0,go-server-deployment-69549d5865-5fdw7,0,0,0,0,0,0,2019-10-19 02:09:46.817589438 +0000 UTC m=+61.003856411
172104,0,1,4,156310,5,go-server-deployment-69549d5865-8rr6g,155805,5,0,0,0,0,2019-10-19 02:09:39.082840381 +0000 UTC m=+61.004056492
2515,0,0,0,39,0,go-server-deployment-69549d5865-bd6g6,0,0,0,0,0,0,2019-10-19 02:09:48.933680258 +0000 UTC m=+61.008457955
225636,0,10,7,345120,17,go-server-deployment-69549d5865-kjnjb,344603,17,0,0,0,0,2019-10-19 02:09:38.019536676 +0000 UTC m=+61.004545218
217103,1,4,3,275008,8,go-server-deployment-69549d5865-jzzz7,274499,8,0,0,0,0,2019-10-19 02:10:03.945498199 +0000 UTC m=+61.005587933
3115,0,0,0,0,0,go-server-deployment-69549d5865-mprdq,0,0,0,0,0,0,2019-10-19 02:09:57.231257975 +0000 UTC m=+61.039130924
121427,2,0,1,113131,3,go-server-deployment-69549d5865-ncqk8,112454,3,0,0,0,0,2019-10-19 02:09:33.006322198 +0000 UTC m=+61.018219466
2086,0,0,0,1,0,go-server-deployment-69549d5865-gxrlz,0,0,0,0,0,0,2019-10-19 02:10:04.286992534 +0000 UTC m=+61.005515162
207806,37,1,4,191044,42,go-server-deployment-69549d5865-qsdhn,190168,42,0,0,0,0,2019-10-19 02:09:35.522227029 +0000 UTC m=+61.005673300
2129,0,0,0,0,0,go-server-deployment-69549d5865-cvt24,0,0,0,0,0,0,2019-10-19 02:10:04.033911067 +0000 UTC m=+61.009960767
4444,0,0,0,20,0,go-server-deployment-69549d5865-r4tsj,0,0,0,0,0,0,2019-10-19 02:09:56.339259615 +0000 UTC m=+61.004063312
229589,14,3,4,297501,21,go-server-deployment-69549d5865-dlqzw,296777,21,0,0,0,0,2019-10-19 02:09:37.615026031 +0000 UTC m=+61.004655220
2810,0,0,0,0,0,go-server-deployment-69549d5865-d5ch6,0,0,0,0,0,0,2019-10-19 02:10:04.047474521 +0000 UTC m=+61.003749273
221109,68,38,11,298615,117,go-server-deployment-69549d5865-nn8gb,297993,117,0,0,0,0,2019-10-19 02:09:34.383290592 +0000 UTC m=+61.004885470
1484,0,0,0,9,0,go-server-deployment-69549d5865-dhhw6,0,0,0,0,0,0,2019-10-19 02:10:04.305173145 +0000 UTC m=+61.017328579
173450,76,4,10,166026,90,go-server-deployment-69549d5865-hjflc,165318,90,0,0,0,0,2019-10-19 02:10:06.627181779 +0000 UTC m=+61.005498823
1462,0,0,0,52,0,go-server-deployment-69549d5865-b5m2v,0,0,0,0,0,0,2019-10-19 02:09:49.051918178 +0000 UTC m=+61.002331867
42899,0,0,2,26770,2,go-server-deployment-69549d5865-957j6,25769,2,0,0,0,0,2019-10-19 02:09:36.675221974 +0000 UTC m=+61.020787979
4213,0,0,0,0,0,go-server-deployment-69549d5865-dktwt,0,0,0,0,0,0,2019-10-19 02:10:02.272486827 +0000 UTC m=+61.010498541
964,0,0,0,27,0,go-server-deployment-69549d5865-vf6cg,0,0,0,0,0,0,2019-10-19 02:09:47.700708813 +0000 UTC m=+61.005157985
2392,0,0,0,0,0,go-server-deployment-69549d5865-jz5mq,0,0,0,0,0,0,2019-10-19 02:10:04.295473497 +0000 UTC m=+61.006836236
183634,75,354,31,332650,460,go-server-deployment-69549d5865-wr5zl,331690,460,0,0,0,0,2019-10-19 02:09:35.868472986 +0000 UTC m=+61.005994975
1826,0,0,0,1,0,go-server-deployment-69549d5865-8jpdg,0,0,0,0,0,0,2019-10-19 02:09:47.263004024 +0000 UTC m=+61.006242063
173802,27,19,10,308196,56,go-server-deployment-69549d5865-j2btw,307628,56,0,0,0,0,2019-10-19 02:09:34.805302733 +0000 UTC m=+61.008685068
2607,0,0,0,3,0,go-server-deployment-69549d5865-b67bl,0,0,0,0,0,0,2019-10-19 02:09:50.831846864 +0000 UTC m=+61.003877037
1921,0,0,0,0,0,go-server-deployment-69549d5865-7tkgj,0,0,0,0,0,0,2019-10-19 02:09:48.422844381 +0000 UTC m=+61.003794687
195651,0,0,4,162894,4,go-server-deployment-69549d5865-zttvt,162390,4,0,0,0,0,2019-10-19 02:09:36.149656428 +0000 UTC m=+61.002525080
2147,0,0,0,58,0,go-server-deployment-69549d5865-gkbwn,0,0,0,0,0,0,2019-10-19 02:10:04.527761486 +0000 UTC m=+61.014994537
188837,0,0,4,182764,4,go-server-deployment-69549d5865-4kchc,182260,4,0,0,0,0,2019-10-19 02:09:39.809338341 +0000 UTC m=+61.002536614
1888,0,0,0,0,0,go-server-deployment-69549d5865-bq2rv,0,0,0,0,0,0,2019-10-19 02:09:48.277586512 +0000 UTC m=+61.004369757
189040,0,0,3,175104,3,go-server-deployment-69549d5865-bt7db,174601,3,0,0,0,0,2019-10-19 02:09:33.162758431 +0000 UTC m=+61.006642644
2089,0,0,0,1,0,go-server-deployment-69549d5865-mpgzr,0,0,0,0,0,0,2019-10-19 02:10:04.206950203 +0000 UTC m=+61.003286622
85945,0,1,6,193780,7,go-server-deployment-69549d5865-wct26,193273,7,0,0,0,0,2019-10-19 02:10:22.460556124 +0000 UTC m=+61.002287590
4936,0,0,0,0,0,go-server-deployment-69549d5865-8kmsb,0,0,0,0,0,0,2019-10-19 02:09:56.002110115 +0000 UTC m=+61.040317813
179821,16,0,3,319338,19,go-server-deployment-69549d5865-rhjdr,318819,19,0,0,0,0,2019-10-19 02:09:34.99206744 +0000 UTC m=+61.007032677
3168,0,0,0,0,0,go-server-deployment-69549d5865-2mntd,0,0,0,0,0,0,2019-10-19 02:09:54.357882807 +0000 UTC m=+61.010475434
291624,0,1,1,313574,2,go-server-deployment-69549d5865-jm8kx,313072,2,0,0,0,0,2019-10-19 02:09:32.848677529 +0000 UTC m=+61.002381763
161,0,0,0,1,0,go-server-deployment-69549d5865-s8njg,0,0,0,0,0,0,2019-10-19 02:09:34.165206363 +0000 UTC m=+61.007972321
197882,78,35,14,190118,127,go-server-deployment-69549d5865-xrzdw,189491,127,0,0,0,0,2019-10-19 02:10:03.872967574 +0000 UTC m=+61.003714613
1942,0,0,0,2,0,go-server-deployment-69549d5865-sqlm5,0,0,0,0,0,0,2019-10-19 02:09:48.401671096 +0000 UTC m=+61.009761756
3165,0,0,0,311,0,go-server-deployment-69549d5865-7gs6g,0,0,0,0,0,0,2019-10-19 02:10:05.379142729 +0000 UTC m=+61.045058843
44017,47,24,8,248406,79,go-server-deployment-69549d5865-c99wf,247826,79,0,0,0,0,2019-10-19 02:09:47.895790093 +0000 UTC m=+61.002783587
333463,44,30,18,353305,92,go-server-deployment-69549d5865-qtf46,352714,92,0,0,0,0,2019-10-19 02:09:33.781826242 +0000 UTC m=+61.018025524
244771,0,1,6,279038,7,go-server-deployment-69549d5865-xlpcv,278531,7,0,0,0,0,2019-10-19 02:09:36.62666833 +0000 UTC m=+61.007473000
104720,0,0,2,72781,2,go-server-deployment-69549d5865-6pbq8,72115,2,0,0,0,0,2019-10-19 02:10:01.962165548 +0000 UTC m=+61.006352098
207035,0,0,3,271470,3,go-server-deployment-69549d5865-5p4dz,270967,3,0,0,0,0,2019-10-19 02:09:56.423866148 +0000 UTC m=+61.004856691
88,0,0,0,1,0,go-server-deployment-69549d5865-9vlw2,0,0,0,0,0,0,2019-10-19 02:09:33.525599688 +0000 UTC m=+61.004414247
84994,55,55,17,236738,127,go-server-deployment-69549d5865-vp5nk,236085,127,0,0,0,0,2019-10-19 02:09:46.921290016 +0000 UTC m=+61.005789620
214528,7,1,7,286246,15,go-server-deployment-69549d5865-754v7,285712,15,0,0,0,0,2019-10-19 02:09:33.155932898 +0000 UTC m=+61.006370209
166223,0,1,1,161325,2,go-server-deployment-69549d5865-kql75,160823,2,0,0,0,0,2019-10-19 02:09:38.019330587 +0000 UTC m=+61.004459788
135129,24,20,8,273227,52,go-server-deployment-69549d5865-bpgl6,272652,52,0,0,0,0,2019-10-19 02:09:35.972764111 +0000 UTC m=+61.004297496
231306,84,91,22,348967,197,go-server-deployment-69549d5865-9z8qz,348270,197,0,0,0,0,2019-10-19 02:09:34.214488143 +0000 UTC m=+61.007134136
309527,27,14,11,315874,52,go-server-deployment-69549d5865-52fnw,315143,52,0,0,0,0,2019-10-19 02:09:35.831068367 +0000 UTC m=+61.005110299
325440,57,162,28,334278,247,go-server-deployment-69549d5865-nvtrg,333033,247,0,0,0,0,2019-10-19 02:09:32.805358087 +0000 UTC m=+61.002187043
213525,60,6,9,197826,75,go-server-deployment-69549d5865-ff87s,196956,75,0,0,0,0,2019-10-19 02:09:40.007176685 +0000 UTC m=+61.003338574
298680,45,374,22,323352,441,go-server-deployment-69549d5865-vzwjx,322027,441,0,0,0,0,2019-10-19 02:09:37.227927495 +0000 UTC m=+61.003047893
202935,0,0,9,185883,9,go-server-deployment-69549d5865-9w5fm,185374,9,0,0,0,0,2019-10-19 02:09:37.607390656 +0000 UTC m=+61.004606333
128773,7,0,5,110490,12,go-server-deployment-69549d5865-2wj67,109526,12,0,0,0,0,2019-10-19 02:09:34.810415672 +0000 UTC m=+61.009116977
269200,0,0,3,298011,3,go-server-deployment-69549d5865-zvdsf,297508,3,0,0,0,0,2019-10-19 02:10:21.690214523 +0000 UTC m=+61.014319034
1455,0,0,0,1,0,go-server-deployment-69549d5865-ksvdv,0,0,0,0,0,0,2019-10-19 02:10:05.796826181 +0000 UTC m=+61.007880554
1571,0,0,0,33,0,go-server-deployment-69549d5865-vhdjp,0,0,0,0,0,0,2019-10-19 02:09:45.784829252 +0000 UTC m=+61.006222377
182125,0,0,0,180605,0,go-server-deployment-69549d5865-thmrh,180084,0,0,0,0,0,2019-10-19 02:14:32.3517742 +0000 UTC m=+61.003254535
107813,49,11,14,229491,74,go-server-deployment-69549d5865-fcjfl,228606,74,0,0,0,0,2019-10-19 02:10:21.131670297 +0000 UTC m=+61.002919754
80526,0,2,7,215246,9,go-server-deployment-69549d5865-jlctq,214737,9,0,0,0,0,2019-10-19 02:10:20.042947066 +0000 UTC m=+61.004532438
185070,0,0,2,168371,2,go-server-deployment-69549d5865-txsv8,167869,2,0,0,0,0,2019-10-19 02:09:35.993319669 +0000 UTC m=+61.014087021
2364,0,0,0,0,0,go-server-deployment-69549d5865-rncd4,0,0,0,0,0,0,2019-10-19 02:10:05.95497686 +0000 UTC m=+61.004686381
253879,37,277,19,287723,333,go-server-deployment-69549d5865-4pc5p,286865,333,0,0,0,0,2019-10-19 02:09:32.910591189 +0000 UTC m=+61.006461565
237573,0,39,3,260035,42,go-server-deployment-69549d5865-cbv5m,259487,42,0,0,0,0,2019-10-19 02:09:33.845810312 +0000 UTC m=+61.004670477
210428,52,1,6,196228,59,go-server-deployment-69549d5865-m9vrv,195601,59,0,0,0,0,2019-10-19 02:09:39.290179297 +0000 UTC m=+61.004064614
2175,0,0,0,0,0,go-server-deployment-69549d5865-jldjn,0,0,0,0,0,0,2019-10-19 02:10:05.54154325 +0000 UTC m=+61.019905658
2339,0,0,0,331,0,go-server-deployment-69549d5865-8v2hb,0,0,0,0,0,0,2019-10-19 02:09:48.818940712 +0000 UTC m=+61.006790201
292270,0,1,3,301064,4,go-server-deployment-69549d5865-kkdtn,300560,4,0,0,0,0,2019-10-19 02:09:39.399895424 +0000 UTC m=+61.004449997
111528,31,0,3,83857,34,go-server-deployment-69549d5865-vl2c9,83323,34,0,0,0,0,2019-10-19 02:09:34.600694468 +0000 UTC m=+61.036016310
69118,0,2,7,198760,9,go-server-deployment-69549d5865-cpzbs,198251,9,0,0,0,0,2019-10-19 02:10:23.011119965 +0000 UTC m=+61.003429492
2057,0,0,0,0,0,go-server-deployment-69549d5865-lnrrd,0,0,0,0,0,0,2019-10-19 02:09:48.817257316 +0000 UTC m=+61.021183276
217838,21,0,6,321845,27,go-server-deployment-69549d5865-69rdt,321184,27,0,0,0,0,2019-10-19 02:09:34.515162274 +0000 UTC m=+61.017493052
193391,0,0,6,179400,6,go-server-deployment-69549d5865-77vjg,178851,6,0,0,0,0,2019-10-19 02:09:34.268627434 +0000 UTC m=+61.010767167
292850,22,97,20,318521,139,go-server-deployment-69549d5865-5zrks,317863,139,0,0,0,0,2019-10-19 02:09:33.967475435 +0000 UTC m=+61.007450055
322292,35,4,7,330870,46,go-server-deployment-69549d5865-8lr5l,329824,46,0,0,0,0,2019-10-19 02:09:39.613215798 +0000 UTC m=+61.002398701
1401,0,0,0,1,0,go-server-deployment-69549d5865-lglwl,0,0,0,0,0,0,2019-10-19 02:09:45.608317288 +0000 UTC m=+61.003616544
1525,0,0,0,0,0,go-server-deployment-69549d5865-kcb62,0,0,0,0,0,0,2019-10-19 02:10:03.37693835 +0000 UTC m=+61.009975815
2011,0,0,0,11,0,go-server-deployment-69549d5865-jhw4f,0,0,0,0,0,0,2019-10-19 02:10:05.572102721 +0000 UTC m=+61.018565729
2697,0,0,0,0,0,go-server-deployment-69549d5865-ndbbc,0,0,0,0,0,0,2019-10-19 02:09:50.898540548 +0000 UTC m=+61.009501676
280083,0,0,5,314317,5,go-server-deployment-69549d5865-q6pwq,313812,5,0,0,0,0,2019-10-19 02:09:32.861027452 +0000 UTC m=+61.002878538
229944,52,16,12,203201,80,go-server-deployment-69549d5865-jwvjp,202269,80,0,0,0,0,2019-10-19 02:09:39.445230828 +0000 UTC m=+61.006912419
189804,0,8,6,271478,14,go-server-deployment-69549d5865-z2pnk,270964,14,0,0,0,0,2019-10-19 02:10:06.531349236 +0000 UTC m=+61.006224868
2204,0,0,0,8,0,go-server-deployment-69549d5865-95xn5,0,0,0,0,0,0,2019-10-19 02:10:05.745528329 +0000 UTC m=+61.004166656
221341,29,9,7,293708,45,go-server-deployment-69549d5865-88tfw,292667,45,0,0,0,0,2019-10-19 02:10:04.115876086 +0000 UTC m=+61.011402775
208405,39,4,12,203701,55,go-server-deployment-69549d5865-sbm58,202970,55,0,0,0,0,2019-10-19 02:09:40.40517674 +0000 UTC m=+61.004023757
2423,0,0,0,1,0,go-server-deployment-69549d5865-hl4mp,0,0,0,0,0,0,2019-10-19 02:10:04.543473393 +0000 UTC m=+61.005947023
1615,0,0,0,11,0,go-server-deployment-69549d5865-k44kl,0,0,0,0,0,0,2019-10-19 02:09:47.103912511 +0000 UTC m=+61.006568652
2609,0,0,0,1,0,go-server-deployment-69549d5865-tkr5v,0,0,0,0,0,0,2019-10-19 02:10:06.318712762 +0000 UTC m=+61.012812395
278311,0,1,6,284628,7,go-server-deployment-69549d5865-ctxhx,284121,7,0,0,0,0,2019-10-19 02:09:38.289212053 +0000 UTC m=+61.007164879
1871,0,0,0,0,0,go-server-deployment-69549d5865-njg8s,0,0,0,0,0,0,2019-10-19 02:09:49.168097304 +0000 UTC m=+61.008613433
4005,0,0,0,8,0,go-server-deployment-69549d5865-2szsq,0,0,0,0,0,0,2019-10-19 02:10:04.074417115 +0000 UTC m=+61.064024413
65721,0,0,6,195000,6,go-server-deployment-69549d5865-8m8j2,194494,6,0,0,0,0,2019-10-19 02:09:47.703872502 +0000 UTC m=+61.006769164
46481,0,2,1,94807,3,go-server-deployment-69549d5865-s8n5z,93804,3,0,0,0,0,2019-10-19 02:09:34.807328345 +0000 UTC m=+61.004154571
220388,89,18,7,214928,114,go-server-deployment-69549d5865-s9tks,214314,114,0,0,0,0,2019-10-19 02:09:33.42428965 +0000 UTC m=+61.002126141
3620,0,0,0,1,0,go-server-deployment-69549d5865-qfsk9,0,0,0,0,0,0,2019-10-19 02:10:04.795611713 +0000 UTC m=+61.029307625
221133,24,2,7,301475,33,go-server-deployment-69549d5865-v9xgm,300909,33,0,0,0,0,2019-10-19 02:09:36.458229398 +0000 UTC m=+61.004837603
187440,0,34,4,264962,38,go-server-deployment-69549d5865-v6qr4,264424,38,0,0,0,0,2019-10-19 02:10:06.787019446 +0000 UTC m=+61.021754961
2350,0,0,0,0,0,go-server-deployment-69549d5865-lflnt,0,0,0,0,0,0,2019-10-19 02:09:47.382236753 +0000 UTC m=+61.002224623
63513,0,6,12,193722,18,go-server-deployment-69549d5865-9wppp,193204,18,0,0,0,0,2019-10-19 02:10:22.1828011 +0000 UTC m=+61.027679837
210850,45,2,5,190290,52,go-server-deployment-69549d5865-2k6rs,189650,52,0,0,0,0,2019-10-19 02:09:37.330778494 +0000 UTC m=+61.006719506
267538,0,29,12,302987,41,go-server-deployment-69549d5865-8mgjr,302446,41,0,0,0,0,2019-10-19 02:09:32.820205233 +0000 UTC m=+61.003580612
3874,0,0,0,1,0,go-server-deployment-69549d5865-2l6xq,0,0,0,0,0,0,2019-10-19 02:10:01.816077615 +0000 UTC m=+61.028042718
2931,0,0,0,44,0,go-server-deployment-69549d5865-bcrfp,0,0,0,0,0,0,2019-10-19 02:09:51.984655017 +0000 UTC m=+61.002760468
65122,0,6,1,203900,7,go-server-deployment-69549d5865-hv2tw,203393,7,0,0,0,0,2019-10-19 02:10:23.573559284 +0000 UTC m=+61.010243561
2497,0,0,0,1,0,go-server-deployment-69549d5865-4r5hb,0,0,0,0,0,0,2019-10-19 02:10:06.187091166 +0000 UTC m=+61.004622587
1631,0,0,0,19,0,go-server-deployment-69549d5865-hv7k8,0,0,0,0,0,0,2019-10-19 02:09:44.841483471 +0000 UTC m=+61.006896659
227668,34,36,20,294191,90,go-server-deployment-69549d5865-r2l45,293546,90,0,0,0,0,2019-10-19 02:10:01.625373877 +0000 UTC m=+61.005231699
214189,28,4,4,286277,36,go-server-deployment-69549d5865-hj85b,285591,36,0,0,0,0,2019-10-19 02:09:37.508309826 +0000 UTC m=+61.007616551
179706,0,1,5,177792,6,go-server-deployment-69549d5865-5m5xd,177284,6,0,0,0,0,2019-10-19 02:10:03.175754274 +0000 UTC m=+61.012938320
69097,0,0,0,40288,0,go-server-deployment-69549d5865-f8qmn,39650,0,0,0,0,0,2019-10-19 02:09:34.026648429 +0000 UTC m=+61.017422925
213211,16,15,10,300724,41,go-server-deployment-69549d5865-shhps,300147,41,0,0,0,0,2019-10-19 02:09:36.052348089 +0000 UTC m=+61.004538321
1591,0,0,0,314,0,go-server-deployment-69549d5865-75zk7,0,0,0,0,0,0,2019-10-19 02:10:01.846569863 +0000 UTC m=+61.004272788
76801,63,94,15,216023,172,go-server-deployment-69549d5865-fznp2,215311,172,0,0,0,0,2019-10-19 02:10:20.587122797 +0000 UTC m=+61.003152523
66292,0,33,4,201338,37,go-server-deployment-69549d5865-wlmq2,200801,37,0,0,0,0,2019-10-19 02:10:22.781751486 +0000 UTC m=+61.007030192
161714,38,19,15,313812,72,go-server-deployment-69549d5865-dzx4k,313118,72,0,0,0,0,2019-10-19 02:10:05.081943679 +0000 UTC m=+61.009395616
2281,0,0,0,0,0,go-server-deployment-69549d5865-8n7f8,0,0,0,0,0,0,2019-10-19 02:10:06.424593919 +0000 UTC m=+61.004096324
230402,18,13,9,282484,40,go-server-deployment-69549d5865-d64ks,281459,40,0,0,0,0,2019-10-19 02:10:02.317596417 +0000 UTC m=+61.003768954
115120,58,3,2,87397,63,go-server-deployment-69549d5865-kzhmc,86641,63,0,0,0,0,2019-10-19 02:09:33.411925255 +0000 UTC m=+61.007802544
1814,0,0,0,1,0,go-server-deployment-69549d5865-7pxqr,0,0,0,0,0,0,2019-10-19 02:09:45.395427303 +0000 UTC m=+61.026544245
201441,18,2,6,308374,26,go-server-deployment-69549d5865-sszmc,307735,26,0,0,0,0,2019-10-19 02:09:35.392461663 +0000 UTC m=+61.007827823
1573,0,0,0,0,0,go-server-deployment-69549d5865-67hlg,0,0,0,0,0,0,2019-10-19 02:10:01.706562136 +0000 UTC m=+61.013222976
215982,0,22,3,281838,25,go-server-deployment-69549d5865-8v9ps,281313,25,0,0,0,0,2019-10-19 02:10:01.932829847 +0000 UTC m=+61.004100918
67444,0,1,9,191474,10,go-server-deployment-69549d5865-tlfv2,190964,10,0,0,0,0,2019-10-19 02:10:23.399293013 +0000 UTC m=+61.004827400
87009,0,1,5,57697,6,go-server-deployment-69549d5865-vr7hx,57137,6,0,0,0,0,2019-10-19 02:09:33.516170402 +0000 UTC m=+61.007828797
1944,0,0,0,380,0,go-server-deployment-69549d5865-j9s4h,0,0,0,0,0,0,2019-10-19 02:10:04.975395585 +0000 UTC m=+61.003628619
194233,12,0,2,185298,14,go-server-deployment-69549d5865-kb7xk,184772,14,0,0,0,0,2019-10-19 02:10:04.451758577 +0000 UTC m=+61.009706254
2650,0,0,0,1,0,go-server-deployment-69549d5865-t4lb8,0,0,0,0,0,0,2019-10-19 02:09:50.339507818 +0000 UTC m=+61.005414341
56879,0,1,11,177200,12,go-server-deployment-69549d5865-4dlzg,176688,12,0,0,0,0,2019-10-19 02:09:47.140794663 +0000 UTC m=+61.003169517
156094,50,14,9,286902,73,go-server-deployment-69549d5865-hhss8,285830,73,0,0,0,0,2019-10-19 02:09:34.496121149 +0000 UTC m=+61.011564488
195083,8,10,9,363684,27,go-server-deployment-69549d5865-225fr,363157,27,0,0,0,0,2019-10-19 02:09:36.570766993 +0000 UTC m=+61.003615727
262782,3,3,10,309380,16,go-server-deployment-69549d5865-w5v2g,308558,16,0,0,0,0,2019-10-19 02:10:22.150935722 +0000 UTC m=+61.006139927
147668,24,18,2,274837,44,go-server-deployment-69549d5865-rvqrf,274109,44,0,0,0,0,2019-10-19 02:09:34.603891891 +0000 UTC m=+61.019040974
224596,0,2,2,271997,4,go-server-deployment-69549d5865-4z6cf,271493,4,0,0,0,0,2019-10-19 02:09:34.340087552 +0000 UTC m=+61.004068165
172951,0,0,2,172889,2,go-server-deployment-69549d5865-p4zx8,172223,2,0,0,0,0,2019-10-19 02:10:06.101220966 +0000 UTC m=+61.007486394
1682,0,0,0,1,0,go-server-deployment-69549d5865-crtxj,0,0,0,0,0,0,2019-10-19 02:09:48.963889415 +0000 UTC m=+61.012604204
137393,109,98,18,212487,225,go-server-deployment-69549d5865-c2rxk,211762,225,0,0,0,0,2019-10-19 02:09:47.91552556 +0000 UTC m=+61.005292032
192423,19,8,6,273624,33,go-server-deployment-69549d5865-zqfrm,273092,33,0,0,0,0,2019-10-19 02:10:02.039560952 +0000 UTC m=+61.006253233
2721,0,0,0,0,0,go-server-deployment-69549d5865-w6pgl,0,0,0,0,0,0,2019-10-19 02:09:50.835509253 +0000 UTC m=+61.004285024
68632,4,1,4,215525,9,go-server-deployment-69549d5865-x8ggk,215016,9,0,0,0,0,2019-10-19 02:10:21.473970805 +0000 UTC m=+61.002293949
1974,0,0,0,36,0,go-server-deployment-69549d5865-j6xk2,0,0,0,0,0,0,2019-10-19 02:09:48.049389715 +0000 UTC m=+61.005379428
235737,96,307,14,346147,417,go-server-deployment-69549d5865-dk2ck,345230,417,0,0,0,0,2019-10-19 02:09:37.529938921 +0000 UTC m=+61.002865248
192353,6,3,5,310626,14,go-server-deployment-69549d5865-nf5k6,310112,14,0,0,0,0,2019-10-19 02:09:34.483994535 +0000 UTC m=+61.022001923
171231,1,0,5,156699,6,go-server-deployment-69549d5865-z4kng,156193,6,0,0,0,0,2019-10-19 02:10:03.727025126 +0000 UTC m=+61.002829822
1412,0,0,0,0,0,go-server-deployment-69549d5865-bm7hb,0,0,0,0,0,0,2019-10-19 02:10:02.804608169 +0000 UTC m=+61.004635167
191099,6,0,5,304763,11,go-server-deployment-69549d5865-76s2c,304221,11,0,0,0,0,2019-10-19 02:09:35.085312089 +0000 UTC m=+61.007636074
139636,0,0,1,126489,1,go-server-deployment-69549d5865-tvh5r,125936,1,0,0,0,0,2019-10-19 02:09:32.925746213 +0000 UTC m=+61.006994297
1419,0,0,0,1,0,go-server-deployment-69549d5865-jw4x8,0,0,0,0,0,0,2019-10-19 02:09:47.100555776 +0000 UTC m=+61.006500109
3419,0,0,0,2,0,go-server-deployment-69549d5865-4ljnv,0,0,0,0,0,0,2019-10-19 02:09:53.268905942 +0000 UTC m=+61.005677562
1582,0,0,0,0,0,go-server-deployment-69549d5865-wg96n,0,0,0,0,0,0,2019-10-19 02:09:48.402191864 +0000 UTC m=+61.003628177
181742,0,0,8,266413,8,go-server-deployment-69549d5865-pvwph,265906,8,0,0,0,0,2019-10-19 02:12:03.114956923 +0000 UTC m=+61.045460749
260782,7,1,7,307749,15,go-server-deployment-69549d5865-t9vrp,307200,15,0,0,0,0,2019-10-19 02:09:32.613644567 +0000 UTC m=+61.004398841
185433,3,49,6,321553,58,go-server-deployment-69549d5865-drfgr,320995,58,0,0,0,0,2019-10-19 02:09:32.809044905 +0000 UTC m=+61.005943438
3260,0,0,0,0,0,go-server-deployment-69549d5865-phxlv,0,0,0,0,0,0,2019-10-19 02:09:54.005030757 +0000 UTC m=+61.012604192
188551,0,1,2,161610,3,go-server-deployment-69549d5865-l4cln,161107,3,0,0,0,0,2019-10-19 02:10:03.799057399 +0000 UTC m=+61.141442711
271526,0,0,2,307633,2,go-server-deployment-69549d5865-pdk8l,307131,2,0,0,0,0,2019-10-19 02:10:23.839518939 +0000 UTC m=+61.003293706
1616,0,0,0,0,0,go-server-deployment-69549d5865-bzfjx,0,0,0,0,0,0,2019-10-19 02:10:04.849951919 +0000 UTC m=+61.003762219
67327,0,1,6,204925,7,go-server-deployment-69549d5865-kn4md,204418,7,0,0,0,0,2019-10-19 02:10:20.863195113 +0000 UTC m=+61.003768028
2914,0,0,0,1,0,go-server-deployment-69549d5865-2d9ff,0,0,0,0,0,0,2019-10-19 02:10:04.791537443 +0000 UTC m=+61.004536007
1599,0,0,0,0,0,go-server-deployment-69549d5865-9x9n7,0,0,0,0,0,0,2019-10-19 02:09:47.788298163 +0000 UTC m=+61.003614726
244264,0,41,1,396774,42,go-server-deployment-69549d5865-vfzlb,396232,42,0,0,0,0,2019-10-19 02:09:38.492521724 +0000 UTC m=+61.003965189
188116,0,0,4,169667,4,go-server-deployment-69549d5865-v2kp5,169163,4,0,0,0,0,2019-10-19 02:09:36.171048238 +0000 UTC m=+61.009688675
211396,32,7,8,285166,47,go-server-deployment-69549d5865-8j89k,284479,47,0,0,0,0,2019-10-19 02:10:07.163244619 +0000 UTC m=+61.003020381
2594,0,0,0,125,0,go-server-deployment-69549d5865-dqhqx,0,0,0,0,0,0,2019-10-19 02:10:03.300476261 +0000 UTC m=+61.006697480
2082,0,0,0,0,0,go-server-deployment-69549d5865-rxbwm,0,0,0,0,0,0,2019-10-19 02:10:05.243767066 +0000 UTC m=+61.006915685
218331,2,0,8,291869,10,go-server-deployment-69549d5865-hc2pd,291359,10,0,0,0,0,2019-10-19 02:09:34.6264825 +0000 UTC m=+61.009290323
221973,49,20,24,208020,93,go-server-deployment-69549d5865-f67km,206927,93,0,0,0,0,2019-10-19 02:09:33.542958723 +0000 UTC m=+61.003488288
248378,0,1,2,286952,3,go-server-deployment-69549d5865-74skp,286449,3,0,0,0,0,2019-10-19 02:10:22.866945171 +0000 UTC m=+61.034046509
193183,16,2,5,305463,23,go-server-deployment-69549d5865-j7kds,304787,23,0,0,0,0,2019-10-19 02:09:34.521349768 +0000 UTC m=+61.003489460
72957,19,48,9,228551,76,go-server-deployment-69549d5865-cgtvr,227975,76,0,0,0,0,2019-10-19 02:09:46.344359901 +0000 UTC m=+61.003681913
2147,0,0,0,2,0,go-server-deployment-69549d5865-nf499,0,0,0,0,0,0,2019-10-19 02:09:48.253617528 +0000 UTC m=+61.006618353
1733,0,0,0,14,0,go-server-deployment-69549d5865-s6qnx,0,0,0,0,0,0,2019-10-19 02:09:55.816405961 +0000 UTC m=+61.007365359
187057,74,2,12,193801,88,go-server-deployment-69549d5865-tttc5,193213,88,0,0,0,0,2019-10-19 02:10:06.61584056 +0000 UTC m=+61.003153382
2977,0,0,0,28,0,go-server-deployment-69549d5865-4vfmr,0,0,0,0,0,0,2019-10-19 02:09:50.726935328 +0000 UTC m=+61.006519997
1940,0,0,0,461,0,go-server-deployment-69549d5865-vm46d,0,0,0,0,0,0,2019-10-19 02:09:48.22752725 +0000 UTC m=+61.015187918
281425,7,5,3,314776,15,go-server-deployment-69549d5865-krbtn,314261,15,0,0,0,0,2019-10-19 02:10:23.583004108 +0000 UTC m=+61.005234304
135040,25,0,4,110307,29,go-server-deployment-69549d5865-cq8cp,109758,29,0,0,0,0,2019-10-19 02:09:36.37046418 +0000 UTC m=+61.010016991
247810,2,8,11,276300,21,go-server-deployment-69549d5865-dvxbl,275647,21,0,0,0,0,2019-10-19 02:10:23.663115215 +0000 UTC m=+61.011190965
229582,0,1,5,260409,6,go-server-deployment-69549d5865-zgdf7,259902,6,0,0,0,0,2019-10-19 02:09:33.037836622 +0000 UTC m=+61.005124244
215524,26,0,9,191735,35,go-server-deployment-69549d5865-cdwzk,190701,35,0,0,0,0,2019-10-19 02:09:35.439982359 +0000 UTC m=+61.002990708
318198,0,0,6,311865,6,go-server-deployment-69549d5865-rdt4x,311359,6,0,0,0,0,2019-10-19 02:10:21.938991552 +0000 UTC m=+61.030619290
182862,29,2,5,171038,36,go-server-deployment-69549d5865-hfhn6,170163,36,0,0,0,0,2019-10-19 02:09:45.967848329 +0000 UTC m=+61.003646188
15753,0,0,0,14074,0,go-server-deployment-69549d5865-rcx8w,13568,0,0,0,0,0,2019-10-19 02:09:36.659809277 +0000 UTC m=+61.006657822
279665,0,6,10,298952,16,go-server-deployment-69549d5865-tf9p6,298436,16,0,0,0,0,2019-10-19 02:09:37.972314106 +0000 UTC m=+61.005985954
193320,0,2,8,302644,10,go-server-deployment-69549d5865-pks77,302134,10,0,0,0,0,2019-10-19 02:09:34.72841803 +0000 UTC m=+61.005349921
2440,0,0,0,0,0,go-server-deployment-69549d5865-c69wl,0,0,0,0,0,0,2019-10-19 02:10:02.47652991 +0000 UTC m=+61.024472393
3805,0,0,0,0,0,go-server-deployment-69549d5865-qjl98,0,0,0,0,0,0,2019-10-19 02:09:56.457300453 +0000 UTC m=+61.027448646
166150,0,2,5,326602,7,go-server-deployment-69549d5865-4hkk7,326095,7,0,0,0,0,2019-10-19 02:09:33.035474536 +0000 UTC m=+61.008379425
348,0,0,0,1,0,go-server-deployment-69549d5865-5td5h,0,0,0,0,0,0,2019-10-19 02:09:35.618804195 +0000 UTC m=+61.003628519
2357,0,0,0,0,0,go-server-deployment-69549d5865-mb8rh,0,0,0,0,0,0,2019-10-19 02:09:48.544897948 +0000 UTC m=+61.004400380
64837,0,17,6,194173,23,go-server-deployment-69549d5865-m4xhw,193650,23,0,0,0,0,2019-10-19 02:10:23.345723624 +0000 UTC m=+61.006354192
267595,3,1,6,273199,10,go-server-deployment-69549d5865-ht97x,272687,10,0,0,0,0,2019-10-19 02:09:38.290937749 +0000 UTC m=+61.003435877
2247,0,0,0,1,0,go-server-deployment-69549d5865-v9gjr,0,0,0,0,0,0,2019-10-19 02:10:22.231681247 +0000 UTC m=+61.003214796
2112,0,0,0,53,0,go-server-deployment-69549d5865-w6ksf,0,0,0,0,0,0,2019-10-19 02:10:07.529222619 +0000 UTC m=+61.002708861
121931,0,0,0,127520,0,go-server-deployment-69549d5865-8gh2l,127020,0,0,0,0,0,2019-10-19 02:15:20.523974319 +0000 UTC m=+61.026263763
199239,3,1,4,321151,8,go-server-deployment-69549d5865-jltfh,320643,8,0,0,0,0,2019-10-19 02:09:35.930216012 +0000 UTC m=+61.010428473
3566,0,0,0,3,0,go-server-deployment-69549d5865-4bdc2,0,0,0,0,0,0,2019-10-19 02:09:53.741415241 +0000 UTC m=+61.005010870
2002,0,0,0,1,0,go-server-deployment-69549d5865-84l2b,0,0,0,0,0,0,2019-10-19 02:09:49.709602441 +0000 UTC m=+61.007389194
277985,0,0,12,307414,12,go-server-deployment-69549d5865-r5w6t,306902,12,0,0,0,0,2019-10-19 02:10:24.303548844 +0000 UTC m=+61.005404758
3920,0,0,0,13,0,go-server-deployment-69549d5865-8d2lp,0,0,0,0,0,0,2019-10-19 02:10:04.683548907 +0000 UTC m=+61.019679637
210109,27,3,6,339468,36,go-server-deployment-69549d5865-d26x9,338592,36,0,0,0,0,2019-10-19 02:09:38.732292541 +0000 UTC m=+61.009135082
136393,0,0,3,124449,3,go-server-deployment-69549d5865-mzd8d,123879,3,0,0,0,0,2019-10-19 02:09:32.760087851 +0000 UTC m=+61.004115188
154995,0,12,2,274333,14,go-server-deployment-69549d5865-jv6rs,273819,14,0,0,0,0,2019-10-19 02:10:05.765908218 +0000 UTC m=+61.007900327
332035,26,57,13,332419,96,go-server-deployment-69549d5865-zr5fk,331324,96,0,0,0,0,2019-10-19 02:09:38.387723573 +0000 UTC m=+61.003924561
164968,0,0,6,278690,6,go-server-deployment-69549d5865-c8vcc,278184,6,0,0,0,0,2019-10-19 02:10:02.681286975 +0000 UTC m=+61.005697276
90231,85,4,8,181791,97,go-server-deployment-69549d5865-vb8v6,181194,97,0,0,0,0,2019-10-19 02:09:49.618583998 +0000 UTC m=+61.029993495
262700,7,0,7,302854,14,go-server-deployment-69549d5865-9bhd2,302263,14,0,0,0,0,2019-10-19 02:09:39.029203215 +0000 UTC m=+61.003386972
135895,17,24,4,258893,45,go-server-deployment-69549d5865-g5m96,258347,45,0,0,0,0,2019-10-19 02:09:32.617206169 +0000 UTC m=+61.002681386
169609,0,1,6,296473,7,go-server-deployment-69549d5865-s9jgg,295966,7,0,0,0,0,2019-10-19 02:10:05.132760937 +0000 UTC m=+61.012015576
3521,0,0,0,1,0,go-server-deployment-69549d5865-ktdqg,0,0,0,0,0,0,2019-10-19 02:10:05.960155248 +0000 UTC m=+61.006018615